DEPARTMENTID,DepartmentName
1,Summit Medical Group (CBO)
50,SLP_SMG SLEEP SERVICES
52,DI_ANC SVCS BHAVANA VORA MD
53,DI_ANC SVCS CHARLES H BOZEMAN II MD
57,DI_ANC SVCS  TENNESSEE  VALLEY PRIMARY CA
58,DI_ANC SVCS SEYMOUR FAMILY PHYSICIANS
60,DI_ANC SVCS SMG of OAK RIDGE
67,DI_SMG IMAGING CEDAR BLUFF
68,DI_SMG IMAGING FTN CITY
69,DI_SMG IMAGING GREENEVILLE
71,DI_SMG IMAGING WELLINGTON
73,HSP_FT SANDERS PARK WEST MED CTR IP
74,HSP_BLOUNT MEM HOSP IP
75,HSP_FT SANDERS PARK WEST MED CTR OP
76,HSP_BLOUNT MEM HOSP OP
77,HSP_BLOUNT MEM HOSP TCU
78,HSP_COLONIAL HILLS NURSING FAC
79,HSP_CUMBERLAND VILLAGE GENESIS HCARE
80,HSP_FT SANDERS REG MED CTR IP
81,HSP_FT SANDERS REG MED CTR OP
82,HSP_FT SANDERS TRANS CARE UNIT
83,HSP_LAUGHLIN HEALTHCARE
84,HSP_LAUGHLIN HEALTHCARE SNF
85,HSP_MARYVILLE HEALTH CARE CTR
86,HSP_MORNINGVIEW BLOUNT MEM TCU
87,HSP_NORTH HAVEN HEALTHCARE CENTER
90,HSP_REGENCY RTRMT VILLAGE ASST LIV
91,HSP_SEVIER CTY JUVENILE DETENTION
93,HSP_SWEETWATER HOSPITAL IP
94,HSP_SWEETWATER HOSPITAL OP
95,HSP_SWEETWATER VALLEY NURSING CTR
96,HSP_THE ESTATES OF OAK RIDGE
97,HSP_UT MEDICAL CENTER IP
98,HSP_WOOD VILLAGE ASSITED LIVING
99,HSP_WOOD VILLAGE NURSING HOME
101,LAB_SMG CENTRAL LAB
104,PC_AMMAR RAZZAK MD
105,PC_BHAVANA VORA MD
107,PC_CARING MEDICAL CENTER
108,PC_CHARLES H BOZEMAN II MD
109,PC_CONCORD LENOIR CITY
110,PC_CONCORD MEDICAL CENTER
112,PC_DINAR SAYANI MD
113,PC_MICHAEL J PASSARELLO MD
114,PC_WEST KNOXVILLE INTERNAL MEDICINE
115,PC_EMORY FAMILY PRACTICE
116,PC_FARRAGUT FAMILY PRACTICE
117,PC_FORT LOUDON FAMILY MEDICAL CTR
118,PC_FOUNTAIN CITY FAMILY PHYSICIANS
119,PC_GREENEVILLE FAMILY MEDICINE
120,PC_GREENEVILLE INT MED & FAM PRAC
121,PC_HALLS FAMILY PHYSICIANS
122,PC_HARDIN VALLEY INT MED
123,PC_HOMETOWN MEDICAL CLINIC
124,PC_INTERNAL MEDICINE ASSOCIATES
126,PC_KENNETH C REESE MD
127,PC_MARYVILLE FAMILY MEDICINE
128,PC_M SCOTT GARDNER DO
129,PC_SUMMIT MEDICAL GROUP on PARK WEST
130,PC_MIDDLE CREEK FAMILY PRACTICE
131,PC_NORWOOD FAMILY MEDICINE
132,PC_THWING MEDICAL GROUP
133,PC_POWELL FAMILY PHYSICIANS
134,PC_ROCKWOOD MEDICAL ASSOCIATES
135,PC_SEYMOUR FAMILY PHYSICIANS
136,PC_SEYMOUR MEDICAL CENTER
137,PC_SMG at DEANE HILL
138,PC_SMG at FARRAGUT
139,PC_SMG at FT SANDERS
140,PC_SMG at MIDDLEBROOK
141,PC_SMG at NEWPORT
142,PC_SMG at NORTHSHORE
143,PC_SMG at TELLICO
144,PC_SMG at MORRISTOWN
145,PC_SMG of CLINTON
146,PC_SMG of OAK RIDGE
147,PC_SMG of SOUTH KNOXVILLE
148,PC_STRAWBERRY PLAINS PIKE FAMILY PRACTICE
149,PC_SUMMIT FAMILY MEDICINE/OHS
150,PC_TENNESSEE CENTER INT MED
151,PC_TENNESSEE  VALLEY  PRIMARY CARE
152,PC_SMG OF CAMPBELL COUNTY
153,PC_TRINITY MED ASSOC KNOXVILLE
154,PC_TRINITY MED ASSOC MARYVILLE
155,PC_TUSCULUM FAMILY PHYSICIANS
157,PED_CHILDRENS FAITH PEDIATRICS
158,PED_HOMETOWN PEDIATRIC JEFFERSON CITY
159,PED_HOMETOWN PEDIATRIC MORRISTOWN
160,PED_HOMETOWN PEDIATRIC SEVIERVILLE
161,PED_PEDIATRIC CLINIC HARDIN VALLEY
162,PED_PEDIATRIC CLINIC SEYMOUR
163,PED_PEDIATRIC CLINIC WEST HUXLEY
164,PED_SHULTS PEDIATRICS
165,PED_SMG PEDIATRICS at MARYVILLE
166,PT_SMG PT CEDAR BLUFF
167,PT_SMG PT FARRAGUT
168,PT_SMG PT FOUNTAIN CITY
169,PT_SMG PT GREENEVILLE
170,PT_SMG PT JEFFERSON CITY
171,PT_SMG PT OAK RIDGE
172,PT_SMG PT POWELL
173,PT_SMG PT TELLICO
174,RHEUM_RHEUMATOLOGY ASSOC OF E TN
175,SEC_BEARDEN HILL
176,SEC_FARRAGUT
177,SEC_FOUNTAIN CITY
178,PC_SUMMIT URGENT CARE of GREENEVILLE
179,SEC_POWELL
180,HSP_FT SANDERS SEVIER MED CTR IP
181,HSP_JEFFERSON CITY HEALTH & REHAB NON
182,HSP_JEFFERSON CITY HEALTH & REHAB SNF
183,HSP_JEFFERSON COUNTY NURSING HOME NON
184,HSP_JEFFERSON MEM HOSP ER
185,HSP_JEFFERSON MEM HOSP IP
186,HSP_JEFFERSON MEM HOSP OP
187,HSP_MERCY JEFFERSON MEM SLEEP CTR
189,PC_SMG at WARTBURG
192,SLP_SMG HOME SLEEP SERVICES
193,PC_SMG HOME VISIT
194,PT_SMG PT SCHEDULING
195,DI_ANC SVCS MIDDLE CREEK FAMILY PRACTICE
196,PC_ATHENS MEDICAL GROUP
198,PC_DWK LIFE SCIENCES
199,autoContract - SUMMIT MEDICAL GROUP
200,autoECommerce - SUMMIT MEDICAL GROUP
201,LAB_SMG QUEST
202,LAB_SMG AFTS LAB
203,LAB_SMG BACKFILL
204,HSP_MORNING POINTE ASSISTED LIVING
205,HSP_ATHENS PLACE ASSISTED LIVING
206,HSP_STARR REGIONAL MED CTR - ER
207,HSP_STARR REGIONAL MED CTR - IP
208,HSP_STARR REGIONAL MED CTR - OP
209,HSP_DOMINION SENIOR LIVING OF ATHENS
210,QM_SMG BACKFILL
211,RAD_SMG BACKFILL
212,Yosi Test
213,Summit Life
214,QM_SMG etHIN
215,PC_FAMILY MEDICINE CENTER CLEVELAND
216,HSP_MORNING POINTE ASSISTED LIVING of GREENEVILLE
218,RHEUM_RHEUMATOLOGY ATHENS
219,PC_COOL SPRINGS IMP
220,PC_NORTH FRANKLIN IMP
221,HSP_BRADLEY MEDICAL CENTER - IP
222,HSP_BRADLEY MEDICAL CENTER - OP
223,HSP_BRADLEY MEDICAL CENTER - ER
224,HSP_WILLIAMSON MED CTR FRANKLIN - ER
225,HSP_WILLIAMSON MED CTR FRANKLIN - IP
226,HSP_WILLIAMSON MED CTR FRANKLIN - OP
227,HSP_PATRICIA NEAL REHABILITATION CENTER
228,PC_IMA ETOWAH
231,PED_GOODPEDS
232,HSP_ETOWAH HEALTH CARE CENTER SNF
233,HSP_LIFE CARE CENTER SNF
234,HSP_STARR REGIONAL HEALTH & REHAB SNF
235,HSP_STARR REGIONAL HEALTH & REHAB SNF (ETOWAH)
236,HSP_STARR REGIONAL HLTH & REHAB SNR CARE (ETOWAH)
237,HSP_VANDERBILT UNIVERSITY MED CTR IP
238,HSP_ASCENTION ST THOMAS HOSPITAL IP
239,HSP_TRISTAR CENTENNIAL MED CTR IP
240,HSP_TRISTAR CENTENNIAL WOMENS HOSPITAL IP
241,PC_SMG COOKEVILLE
242,HSP_NHC HEALTHCARE ATHENS SNF (ETOWAH)
243,DI_ANC SVCS ATHENS MEDICAL GROUP
244,PED_SHULTS PEDIATRICS BLOUNT COUNTY
245,HSP_STARR REG HLTH & REHAB SNR CARE PSYCH (ETOWAH)
246,HSP_DAVITA ETOWAH DIALYSIS
247,DI_ANC SVCS SEC at POWELL
250,EYE_TEC LENOIR CITY
251,EYE_TEC KNOXVILLE
252,EYE_TEC HARRIMAN
253,EYE_TEC POWELL
254,EYE_TEC MORRISTOWN
255,EYE_TEC @NEWPORT EYECARE CTR
256,EYE_TEC @BLOUNT COUNTY EYE
257,EYE_TEC @GREENEVILLE EYECARE CENTER
258,EYE_TEC @HYDE EYE CARE
259,EYE_TEC @KNOXVILLE EYE CARE CENTER
260,EYE_TEC @ASSOCIATES IN EYECARE
261,EYE_TEC @KEYLON EYECARE
262,EYE_TEC @SURGICAL CTR LC
263,EYE_TEC @SURGICAL CTR MORRISTOWN
264,EYE_TEC @SURGICAL CTR KNOXVILLE
266,PC_GRACE PRIMARY CARE
267,DI_ANC SVCS LENOIR CITY
268,PC_UPPER CUMBERLAND FAMILY PHYSICIANS
269,PC_CHATTANOOGA FAMILY PRACTICE
270,PC_BHAVANA VORA at CROSSVILLE
271,HSP_COOKEVILLE REGIONAL MEDICAL CENTER-IP
272,HSP_SIGNATURE HEALTHCARE OF PUTNAM COUNTY
273,HSP_NHC HEALTHCARE COOKEVILLE SNF
274,HSP_NEWPORT MEDICAL CENTER
275,HSP_ROANE MEDICAL CENTER
276,DI_ANC SVCS MARYVILLE FAMILY MEDICINE
277,HSP_COOKEVILLE REGIONAL MEDICAL CENTER-OP
278,PC_HERMITAGE PRIMARY CARE a division of SMG
279,DI_ANC SVCS GRACE PRIMARY HUNTSVILLE
280,PED_BRENTWOOD CHILDRENS CLINIC
281,DI_ANC SVCS CAMPBELL CO
282,PT_SMG PT MORRISTOWN
283,DI_ANC SVCS NEWPORT
284,DI_ANC SVCS MORRISTOWN
