SLP_SMG SLEEP SERVICES,50
Summit Medical Group (CBO),1
DI_ANC SVCS BHAVANA VORA MD,52
DI_ANC SVCS CHARLES H BOZEMAN II MD,53
DI_ANC SVCS  TENNESSEE  VALLEY PRIMARY CA,57
DI_ANC SVCS SEYMOUR FAMILY PHYSICIANS,58
DI_ANC SVCS SMG of OAK RIDGE,60
DI_SMG IMAGING CEDAR BLUFF,67
DI_SMG IMAGING FTN CITY,68
DI_SMG IMAGING GREENEVILLE,69
DI_SMG IMAGING WELLINGTON,71
HSP_FT SANDERS PARK WEST MED CTR IP,73
HSP_BLOUNT MEM HOSP IP,74
HSP_FT SANDERS PARK WEST MED CTR OP,75
HSP_BLOUNT MEM HOSP OP,76
HSP_BLOUNT MEM HOSP TCU,77
HSP_COLONIAL HILLS NURSING FAC,78
HSP_CUMBERLAND VILLAGE GENESIS HCARE,79
HSP_FT SANDERS REG MED CTR IP,80
HSP_FT SANDERS REG MED CTR OP,81
HSP_FT SANDERS TRANS CARE UNIT,82
HSP_LAUGHLIN HEALTHCARE,83
HSP_LAUGHLIN HEALTHCARE SNF,84
HSP_MARYVILLE HEALTH CARE CTR,85
HSP_MORNINGVIEW BLOUNT MEM TCU,86
HSP_NORTH HAVEN HEALTHCARE CENTER,87
HSP_REGENCY RTRMT VILLAGE ASST LIV,90
HSP_SEVIER CTY JUVENILE DETENTION,91
HSP_SWEETWATER HOSPITAL IP,93
HSP_SWEETWATER HOSPITAL OP,94
HSP_SWEETWATER VALLEY NURSING CTR,95
HSP_THE ESTATES OF OAK RIDGE,96
HSP_UT MEDICAL CENTER IP,97
HSP_WOOD VILLAGE ASSITED LIVING,98
HSP_WOOD VILLAGE NURSING HOME,99
LAB_SMG CENTRAL LAB,101
PC_AMMAR RAZZAK MD,104
PC_BHAVANA VORA MD,105
PC_CARING MEDICAL CENTER,107
PC_CHARLES H BOZEMAN II MD,108
PC_CONCORD LENOIR CITY,109
PC_CONCORD MEDICAL CENTER,110
PC_DINAR SAYANI MD,112
PC_MICHAEL J PASSARELLO MD,113
PC_WEST KNOXVILLE INTERNAL MEDICINE,114
PC_EMORY FAMILY PRACTICE,115
PC_FARRAGUT FAMILY PRACTICE,116
PC_FORT LOUDON FAMILY MEDICAL CTR,117
PC_FOUNTAIN CITY FAMILY PHYSICIANS,118
PC_GREENEVILLE FAMILY MEDICINE,119
PC_GREENEVILLE INT MED & FAM PRAC,120
PC_HALLS FAMILY PHYSICIANS,121
PC_HARDIN VALLEY INT MED,122
PC_HOMETOWN MEDICAL CLINIC,123
PC_INTERNAL MEDICINE ASSOCIATES,124
PC_KENNETH C REESE MD,126
PC_MARYVILLE FAMILY MEDICINE,127
PC_M SCOTT GARDNER DO,128
PC_SUMMIT MEDICAL GROUP on PARK WEST,129
PC_MIDDLE CREEK FAMILY PRACTICE,130
PC_NORWOOD FAMILY MEDICINE,131
PC_THWING MEDICAL GROUP,132
PC_POWELL FAMILY PHYSICIANS,133
PC_ROCKWOOD MEDICAL ASSOCIATES,134
PC_SEYMOUR FAMILY PHYSICIANS,135
PC_SEYMOUR MEDICAL CENTER,136
PC_SMG at DEANE HILL,137
PC_SMG at FARRAGUT,138
PC_SMG at FT SANDERS,139
PC_SMG at MIDDLEBROOK,140
PC_SMG at NEWPORT,141
PC_SMG at NORTHSHORE,142
PC_SMG at TELLICO,143
PC_SMG at MORRISTOWN,144
PC_SMG of CLINTON,145
PC_SMG of OAK RIDGE,146
PC_SMG of SOUTH KNOXVILLE,147
PC_STRAWBERRY PLAINS PIKE FAMILY PRACTICE,148
PC_SUMMIT FAMILY MEDICINE/OHS,149
PC_TENNESSEE CENTER INT MED,150
PC_TENNESSEE  VALLEY  PRIMARY CARE,151
PC_SMG OF CAMPBELL COUNTY,152
PC_TRINITY MED ASSOC KNOXVILLE,153
PC_TRINITY MED ASSOC MARYVILLE,154
PC_TUSCULUM FAMILY PHYSICIANS,155
PED_CHILDRENS FAITH PEDIATRICS,157
PED_HOMETOWN PEDIATRIC JEFFERSON CITY,158
PED_HOMETOWN PEDIATRIC MORRISTOWN,159
PED_HOMETOWN PEDIATRIC SEVIERVILLE,160
PED_PEDIATRIC CLINIC HARDIN VALLEY,161
PED_PEDIATRIC CLINIC SEYMOUR,162
PED_PEDIATRIC CLINIC WEST HUXLEY,163
PED_SHULTS PEDIATRICS,164
PED_SMG PEDIATRICS at MARYVILLE,165
PT_SMG PT CEDAR BLUFF,166
PT_SMG PT FARRAGUT,167
PT_SMG PT FOUNTAIN CITY,168
PT_SMG PT GREENEVILLE,169
PT_SMG PT JEFFERSON CITY,170
PT_SMG PT OAK RIDGE,171
PT_SMG PT POWELL,172
PT_SMG PT TELLICO,173
RHEUM_RHEUMATOLOGY ASSOC OF E TN,174
SEC_BEARDEN HILL,175
SEC_FARRAGUT,176
SEC_FOUNTAIN CITY,177
PC_SUMMIT URGENT CARE of GREENEVILLE,178
SEC_POWELL,179
HSP_FT SANDERS SEVIER MED CTR IP,180
HSP_JEFFERSON CITY HEALTH & REHAB NON,181
HSP_JEFFERSON CITY HEALTH & REHAB SNF,182
HSP_JEFFERSON COUNTY NURSING HOME NON,183
HSP_JEFFERSON MEM HOSP ER,184
HSP_JEFFERSON MEM HOSP IP,185
HSP_JEFFERSON MEM HOSP OP,186
HSP_MERCY JEFFERSON MEM SLEEP CTR,187
PC_SMG at WARTBURG,189
SLP_SMG HOME SLEEP SERVICES,192
PC_SMG HOME VISIT,193
PT_SMG PT SCHEDULING,194
DI_ANC SVCS MIDDLE CREEK FAMILY PRACTICE,195
PC_ATHENS MEDICAL GROUP,196
PC_DWK LIFE SCIENCES,198
autoContract - SUMMIT MEDICAL GROUP,199
autoECommerce - SUMMIT MEDICAL GROUP,200
LAB_SMG QUEST,201
LAB_SMG AFTS LAB,202
LAB_SMG BACKFILL,203
HSP_MORNING POINTE ASSISTED LIVING,204
HSP_ATHENS PLACE ASSISTED LIVING,205
HSP_STARR REGIONAL MED CTR - ER,206
HSP_STARR REGIONAL MED CTR - IP,207
HSP_STARR REGIONAL MED CTR - OP,208
HSP_DOMINION SENIOR LIVING OF ATHENS,209
QM_SMG BACKFILL,210
RAD_SMG BACKFILL,211
Yosi Test,212
Summit Life,213
QM_SMG etHIN,214
PC_FAMILY MEDICINE CENTER CLEVELAND,215
HSP_MORNING POINTE ASSISTED LIVING of GREENEVILLE,216
RHEUM_RHEUMATOLOGY ATHENS,218
PC_COOL SPRINGS IMP,219
PC_NORTH FRANKLIN IMP,220
HSP_BRADLEY MEDICAL CENTER - IP,221
HSP_BRADLEY MEDICAL CENTER - OP,222
HSP_BRADLEY MEDICAL CENTER - ER,223
HSP_WILLIAMSON MED CTR FRANKLIN - ER,224
HSP_WILLIAMSON MED CTR FRANKLIN - IP,225
HSP_WILLIAMSON MED CTR FRANKLIN - OP,226
HSP_PATRICIA NEAL REHABILITATION CENTER,227
PC_IMA ETOWAH,228
PED_GOODPEDS,231
HSP_ETOWAH HEALTH CARE CENTER SNF,232
HSP_LIFE CARE CENTER SNF,233
HSP_STARR REGIONAL HEALTH & REHAB SNF,234
HSP_STARR REGIONAL HEALTH & REHAB SNF (ETOWAH),235
HSP_STARR REGIONAL HLTH & REHAB SNR CARE (ETOWAH),236
HSP_VANDERBILT UNIVERSITY MED CTR IP,237
HSP_ASCENTION ST THOMAS HOSPITAL IP,238
HSP_TRISTAR CENTENNIAL MED CTR IP,239
HSP_TRISTAR CENTENNIAL WOMENS HOSPITAL IP,240
PC_SMG COOKEVILLE,241
HSP_NHC HEALTHCARE ATHENS SNF (ETOWAH),242
DI_ANC SVCS ATHENS MEDICAL GROUP,243
PED_SHULTS PEDIATRICS BLOUNT COUNTY,244
HSP_STARR REG HLTH & REHAB SNR CARE PSYCH (ETOWAH),245
HSP_DAVITA ETOWAH DIALYSIS,246
DI_ANC SVCS SEC at POWELL,247
EYE_TEC LENOIR CITY,250
EYE_TEC KNOXVILLE,251
EYE_TEC HARRIMAN,252
EYE_TEC POWELL,253
EYE_TEC MORRISTOWN,254
EYE_TEC @NEWPORT EYECARE CTR,255
EYE_TEC @BLOUNT COUNTY EYE,256
EYE_TEC @GREENEVILLE EYECARE CENTER,257
EYE_TEC @HYDE EYE CARE,258
EYE_TEC @KNOXVILLE EYE CARE CENTER,259
EYE_TEC @ASSOCIATES IN EYECARE,260
EYE_TEC @KEYLON EYECARE,261
EYE_TEC @SURGICAL CTR LC,262
EYE_TEC @SURGICAL CTR MORRISTOWN,263
EYE_TEC @SURGICAL CTR KNOXVILLE,264
PC_GRACE PRIMARY CARE,266
DI_ANC SVCS LENOIR CITY,267
PC_UPPER CUMBERLAND FAMILY PHYSICIANS,268
PC_CHATTANOOGA FAMILY PRACTICE,269
PC_BHAVANA VORA at CROSSVILLE,270
HSP_COOKEVILLE REGIONAL MEDICAL CENTER-IP,271
HSP_SIGNATURE HEALTHCARE OF PUTNAM COUNTY,272
HSP_NHC HEALTHCARE COOKEVILLE SNF,273
HSP_NEWPORT MEDICAL CENTER,274
HSP_ROANE MEDICAL CENTER,275
DI_ANC SVCS MARYVILLE FAMILY MEDICINE,276
HSP_COOKEVILLE REGIONAL MEDICAL CENTER-OP,277
PC_HERMITAGE PRIMARY CARE a division of SMG,278
DI_ANC SVCS GRACE PRIMARY HUNTSVILLE,279
PED_BRENTWOOD CHILDRENS CLINIC,280
DI_ANC SVCS CAMPBELL CO,281
PT_SMG PT MORRISTOWN,282
DI_ANC SVCS NEWPORT,283
DI_ANC SVCS MORRISTOWN,284
